{
    "crawler":{
        "crawl_optimization":{
            "breadth_first_hop_limit":8,
            "crawl_strategy":"fastest",
            "crawl_strategy_customized":false,
            "function_fingerprint_threshold":0,
            "link_fingerprint_trigger":0,
            "logging_directory":"",
            "logging_enabled":false,
            "max_state_changing_sequences":0,
            "max_submissions_per_form":1,
            "max_unmatched_link_tolerance":0,
            "maximum_link_depth":8,
            "recent_destinations_buffer_size":1
        },
        "customization":{
            "allow_out_of_scope_resources":true,
            "browser_based_navigation":false,
            "customize_user_agent":false,
            "maximum_items_from_sitemap":1000,
            "maximum_speculative_links":1000,
            "request_robots_txt":true,
            "request_sitemap":true,
            "request_speculative":true,
            "submit_forms":false,
            "timeout_for_in_progress_resource_requests":10,
            "user_agent":""
        },
        "login_functions":{
            "attempt_to_self_register_a_user":false,
            "trigger_login_failures":false
        }
    }
}