{
    "scanner":{
        "audit_optimization":{
            "consolidate_passive_issues":true,
            "follow_redirections":true,
            "maintain_session":true,
            "scan_accuracy":"minimise_false_negatives",
            "scan_speed":"thorough",
            "skip_ineffective_checks":true
        },
        "issues_reported":{
            "scan_type_intrusive_active":false,
            "scan_type_javascript_analysis":true,
            "scan_type_light_active":false,
            "scan_type_medium_active":false,
            "scan_type_passive":true,
            "select_individual_issues":false,
            "selected_issues":[],
            "store_issues_within_queue_items":false
        }
    }
}